model,step,train_nll,validation_nll,elapsed_seconds
draft,1,5.533461093902588,5.421017722719035,1.5717442870000013
draft,100,2.9193127155303955,2.9400413871570756,5.906012735999866
draft,200,2.652768611907959,2.542533467529686,11.887486550999938
draft,300,2.36700177192688,2.4354123461777997,21.072191521999912
draft,400,2.3893187046051025,2.385913799522789,25.653947134999953
draft,500,2.288825750350952,2.34708243418651,29.245582710000008
draft,600,2.2578725814819336,2.2944598934453007,32.872314664999976
draft,700,2.2158401012420654,2.223094668357995,36.244900562999874
draft,800,2.2436792850494385,2.161570435117005,38.96426460099997
draft,900,1.9818435907363892,2.1065696644934877,41.68421183999999
draft,1000,2.025763750076294,2.0500812484959887,44.566467602999865
target,1,5.519125461578369,5.257557689763938,2.9718180089998896
target,100,2.514247179031372,2.5342964245255586,15.693309676999888
target,200,2.4740889072418213,2.3961172544272844,28.853253347999953
target,300,2.2324628829956055,2.295325989935808,40.72192059300005
target,400,2.105762481689453,2.120017480698361,58.694375893999904
target,500,1.8946566581726074,1.9583558147879923,75.25508974099989
target,600,1.7572416067123413,1.8368453053152485,86.70892895199995
target,700,1.6469498872756958,1.7531214329847105,98.70700123999995
target,800,1.7343813180923462,1.7031405526361647,112.52127037299988
target,900,1.478157639503479,1.6659763087132933,127.15293012100005
target,1000,1.5225492715835571,1.6164100690252463,142.37573789399994
